,survived,pclass,sex,age,sibsp,parch,fare,embarked,class,who,adult_male,deck,embark_town,alive,alone
0,0.0,3.0,male,22.0,1.0,0.0,7.25,s,third,man,True,c,southampton,no,False
1,1.0,1.0,female,38.0,1.0,0.0,71.2833,c,first,woman,False,c,cherbourg,yes,False
2,1.0,3.0,female,26.0,0.0,0.0,7.925,s,third,woman,False,c,southampton,yes,True
3,1.0,1.0,female,35.0,1.0,0.0,53.1,s,first,woman,False,c,southampton,yes,False
4,0.0,3.0,male,35.0,0.0,0.0,8.05,s,third,man,True,c,southampton,no,True
5,0.0,3.0,male,29.69911764705882,0.0,0.0,8.4583,q,third,man,True,c,queenstown,no,True
6,0.0,1.0,male,54.0,0.0,0.0,51.8625,s,first,man,True,e,southampton,no,True
7,0.0,3.0,male,2.0,3.0,1.0,21.075,s,third,child,False,c,southampton,no,False
8,1.0,3.0,female,27.0,0.0,2.0,11.1333,s,third,woman,False,c,southampton,yes,False
9,1.0,2.0,female,14.0,1.0,0.0,30.0708,c,second,child,False,c,cherbourg,yes,False
10,1.0,3.0,female,4.0,1.0,1.0,16.7,s,third,child,False,g,southampton,yes,False
11,1.0,1.0,female,58.0,0.0,0.0,26.55,s,first,woman,False,c,southampton,yes,True
12,0.0,3.0,male,20.0,0.0,0.0,8.05,s,third,man,True,c,southampton,no,True
14,0.0,3.0,female,14.0,0.0,0.0,7.8542,s,third,child,False,c,southampton,no,True
15,1.0,2.0,female,55.0,0.0,0.0,16.0,s,second,woman,False,c,southampton,yes,True
16,0.0,3.0,male,2.0,4.0,1.0,29.125,q,third,child,False,c,queenstown,no,False
17,1.0,2.0,male,29.69911764705882,0.0,0.0,13.0,s,second,man,True,c,southampton,yes,True
18,0.0,3.0,female,31.0,1.0,0.0,18.0,s,third,woman,False,c,southampton,no,False
19,1.0,3.0,female,29.69911764705882,0.0,0.0,7.225,c,third,woman,False,c,cherbourg,yes,True
20,0.0,2.0,male,35.0,0.0,0.0,26.0,s,second,man,True,c,southampton,no,True
21,1.0,2.0,male,34.0,0.0,0.0,13.0,s,second,man,True,d,southampton,yes,True
22,1.0,3.0,female,15.0,0.0,0.0,8.0292,q,third,child,False,c,queenstown,yes,True
23,1.0,1.0,male,28.0,0.0,0.0,35.5,s,first,man,True,a,southampton,yes,True
24,0.0,3.0,female,8.0,3.0,1.0,21.075,s,third,child,False,c,southampton,no,False
26,0.0,3.0,male,29.69911764705882,0.0,0.0,7.225,c,third,man,True,c,cherbourg,no,True
28,1.0,3.0,female,29.69911764705882,0.0,0.0,7.8792,q,third,woman,False,c,queenstown,yes,True
29,0.0,3.0,male,29.69911764705882,0.0,0.0,7.8958,s,third,man,True,c,southampton,no,True
30,0.0,1.0,male,40.0,0.0,0.0,27.7208,c,first,man,True,c,cherbourg,no,True
31,1.0,1.0,female,29.69911764705882,1.0,0.0,146.5208,c,first,woman,False,b,cherbourg,yes,False
32,1.0,3.0,female,29.69911764705882,0.0,0.0,7.75,q,third,woman,False,c,queenstown,yes,True
33,0.0,2.0,male,66.0,0.0,0.0,10.5,s,second,man,True,c,southampton,no,True
34,0.0,1.0,male,28.0,1.0,0.0,82.1708,c,first,man,True,c,cherbourg,no,False
35,0.0,1.0,male,42.0,1.0,0.0,52.0,s,first,man,True,c,southampton,no,False
36,1.0,3.0,male,29.69911764705882,0.0,0.0,7.2292,c,third,man,True,c,cherbourg,yes,True
37,0.0,3.0,male,21.0,0.0,0.0,8.05,s,third,man,True,c,southampton,no,True
38,0.0,3.0,female,18.0,2.0,0.0,18.0,s,third,woman,False,c,southampton,no,False
39,1.0,3.0,female,14.0,1.0,0.0,11.2417,c,third,child,False,c,cherbourg,yes,False
40,0.0,3.0,female,40.0,1.0,0.0,9.475,s,third,woman,False,c,southampton,no,False
41,0.0,2.0,female,27.0,1.0,0.0,21.0,s,second,woman,False,c,southampton,no,False
42,0.0,3.0,male,29.69911764705882,0.0,0.0,7.8958,c,third,man,True,c,cherbourg,no,True
43,1.0,2.0,female,3.0,1.0,2.0,41.5792,c,second,child,False,c,cherbourg,yes,False
44,1.0,3.0,female,19.0,0.0,0.0,7.8792,q,third,woman,False,c,queenstown,yes,True
45,0.0,3.0,male,29.69911764705882,0.0,0.0,8.05,s,third,man,True,c,southampton,no,True
46,0.0,3.0,male,29.69911764705882,1.0,0.0,15.5,q,third,man,True,c,queenstown,no,False
47,1.0,3.0,female,29.69911764705882,0.0,0.0,7.75,q,third,woman,False,c,queenstown,yes,True
48,0.0,3.0,male,29.69911764705882,2.0,0.0,21.6792,c,third,man,True,c,cherbourg,no,False
49,0.0,3.0,female,18.0,1.0,0.0,17.8,s,third,woman,False,c,southampton,no,False
50,0.0,3.0,male,7.0,4.0,1.0,39.6875,s,third,child,False,c,southampton,no,False
51,0.0,3.0,male,21.0,0.0,0.0,7.8,s,third,man,True,c,southampton,no,True
52,1.0,1.0,female,49.0,1.0,0.0,76.7292,c,first,woman,False,d,cherbourg,yes,False
53,1.0,2.0,female,29.0,1.0,0.0,26.0,s,second,woman,False,c,southampton,yes,False
54,0.0,1.0,male,65.0,0.0,1.0,61.9792,c,first,man,True,b,cherbourg,no,False
55,1.0,1.0,male,29.69911764705882,0.0,0.0,35.5,s,first,man,True,c,southampton,yes,True
56,1.0,2.0,female,21.0,0.0,0.0,10.5,s,second,woman,False,c,southampton,yes,True
57,0.0,3.0,male,28.5,0.0,0.0,7.2292,c,third,man,True,c,cherbourg,no,True
58,1.0,2.0,female,5.0,1.0,2.0,27.75,s,second,child,False,c,southampton,yes,False
59,0.0,3.0,male,11.0,5.0,2.0,46.9,s,third,child,False,c,southampton,no,False
60,0.0,3.0,male,22.0,0.0,0.0,7.2292,c,third,man,True,c,cherbourg,no,True
61,1.0,1.0,female,38.0,0.0,0.0,80.0,s,first,woman,False,b,southampton,yes,True
62,0.0,1.0,male,45.0,1.0,0.0,83.475,s,first,man,True,c,southampton,no,False
63,0.0,3.0,male,4.0,3.0,2.0,27.9,s,third,child,False,c,southampton,no,False
64,0.0,1.0,male,29.69911764705882,0.0,0.0,27.7208,c,first,man,True,c,cherbourg,no,True
65,1.0,3.0,male,29.69911764705882,1.0,1.0,15.2458,c,third,man,True,c,cherbourg,yes,False
66,1.0,2.0,female,29.0,0.0,0.0,10.5,s,second,woman,False,f,southampton,yes,True
67,0.0,3.0,male,19.0,0.0,0.0,8.1583,s,third,man,True,c,southampton,no,True
69,0.0,3.0,male,26.0,2.0,0.0,8.6625,s,third,man,True,c,southampton,no,False
70,0.0,2.0,male,32.0,0.0,0.0,10.5,s,second,man,True,c,southampton,no,True
71,0.0,3.0,female,16.0,5.0,2.0,46.9,s,third,woman,False,c,southampton,no,False
72,0.0,2.0,male,21.0,0.0,0.0,73.5,s,second,man,True,c,southampton,no,True
73,0.0,3.0,male,26.0,1.0,0.0,14.4542,c,third,man,True,c,cherbourg,no,False
74,1.0,3.0,male,32.0,0.0,0.0,56.4958,s,third,man,True,c,southampton,yes,True
75,0.0,3.0,male,25.0,0.0,0.0,7.65,s,third,man,True,f,southampton,no,True
76,0.0,3.0,male,29.69911764705882,0.0,0.0,7.8958,s,third,man,True,c,southampton,no,True
77,0.0,3.0,male,29.69911764705882,0.0,0.0,8.05,s,third,man,True,c,southampton,no,True
78,1.0,2.0,male,0.83,0.0,2.0,29.0,s,second,child,False,c,southampton,yes,False
79,1.0,3.0,female,30.0,0.0,0.0,12.475,s,third,woman,False,c,southampton,yes,True
80,0.0,3.0,male,22.0,0.0,0.0,9.0,s,third,man,True,c,southampton,no,True
81,1.0,3.0,male,29.0,0.0,0.0,9.5,s,third,man,True,c,southampton,yes,True
82,1.0,3.0,female,29.69911764705882,0.0,0.0,7.7875,q,third,woman,False,c,queenstown,yes,True
83,0.0,1.0,male,28.0,0.0,0.0,47.1,s,first,man,True,c,southampton,no,True
84,1.0,2.0,female,17.0,0.0,0.0,10.5,s,second,woman,False,c,southampton,yes,True
86,0.0,3.0,male,16.0,1.0,3.0,34.375,s,third,man,True,c,southampton,no,False
87,0.0,3.0,male,29.69911764705882,0.0,0.0,8.05,s,third,man,True,c,southampton,no,True
89,0.0,3.0,male,24.0,0.0,0.0,8.05,s,third,man,True,c,southampton,no,True
90,0.0,3.0,male,29.0,0.0,0.0,8.05,s,third,man,True,c,southampton,no,True
91,0.0,3.0,male,20.0,0.0,0.0,7.8542,s,third,man,True,c,southampton,no,True
92,0.0,1.0,male,46.0,1.0,0.0,61.175,s,first,man,True,e,southampton,no,False
93,0.0,3.0,male,26.0,1.0,2.0,20.575,s,third,man,True,c,southampton,no,False
94,0.0,3.0,male,59.0,0.0,0.0,7.25,s,third,man,True,c,southampton,no,True
95,0.0,3.0,male,29.69911764705882,0.0,0.0,8.05,s,third,man,True,c,southampton,no,True
96,0.0,1.0,male,71.0,0.0,0.0,34.6542,c,first,man,True,a,cherbourg,no,True
97,1.0,1.0,male,23.0,0.0,1.0,63.3583,c,first,man,True,d,cherbourg,yes,False
98,1.0,2.0,female,34.0,0.0,1.0,23.0,s,second,woman,False,c,southampton,yes,False
99,0.0,2.0,male,34.0,1.0,0.0,26.0,s,second,man,True,c,southampton,no,False
100,0.0,3.0,female,28.0,0.0,0.0,7.8958,s,third,woman,False,c,southampton,no,True
101,0.0,3.0,male,29.69911764705882,0.0,0.0,7.8958,s,third,man,True,c,southampton,no,True
102,0.0,1.0,male,21.0,0.0,1.0,77.2875,s,first,man,True,d,southampton,no,False
103,0.0,3.0,male,33.0,0.0,0.0,8.6542,s,third,man,True,c,southampton,no,True
104,0.0,3.0,male,37.0,2.0,0.0,7.925,s,third,man,True,c,southampton,no,False
105,0.0,3.0,male,28.0,0.0,0.0,7.8958,s,third,man,True,c,southampton,no,True
106,1.0,3.0,female,21.0,0.0,0.0,7.65,s,third,woman,False,c,southampton,yes,True
107,1.0,3.0,male,29.69911764705882,0.0,0.0,7.775,s,third,man,True,c,southampton,yes,True
108,0.0,3.0,male,38.0,0.0,0.0,7.8958,s,third,man,True,c,southampton,no,True
109,1.0,3.0,female,29.69911764705882,1.0,0.0,24.15,q,third,woman,False,c,queenstown,yes,False
110,0.0,1.0,male,47.0,0.0,0.0,52.0,s,first,man,True,c,southampton,no,True
111,0.0,3.0,female,14.5,1.0,0.0,14.4542,c,third,child,False,c,cherbourg,no,False
112,0.0,3.0,male,22.0,0.0,0.0,8.05,s,third,man,True,c,southampton,no,True
113,0.0,3.0,female,20.0,1.0,0.0,9.825,s,third,woman,False,c,southampton,no,False
114,0.0,3.0,female,17.0,0.0,0.0,14.4583,c,third,woman,False,c,cherbourg,no,True
115,0.0,3.0,male,21.0,0.0,0.0,7.925,s,third,man,True,c,southampton,no,True
116,0.0,3.0,male,70.5,0.0,0.0,7.75,q,third,man,True,c,queenstown,no,True
117,0.0,2.0,male,29.0,1.0,0.0,21.0,s,second,man,True,c,southampton,no,False
119,0.0,3.0,female,2.0,4.0,2.0,31.275,s,third,child,False,c,southampton,no,False
120,0.0,2.0,male,21.0,2.0,0.0,73.5,s,second,man,True,c,southampton,no,False
121,0.0,3.0,male,29.69911764705882,0.0,0.0,8.05,s,third,man,True,c,southampton,no,True
122,0.0,2.0,male,32.5,1.0,0.0,30.0708,c,second,man,True,c,cherbourg,no,False
123,1.0,2.0,female,32.5,0.0,0.0,13.0,s,second,woman,False,e,southampton,yes,True
124,0.0,1.0,male,54.0,0.0,1.0,77.2875,s,first,man,True,d,southampton,no,False
125,1.0,3.0,male,12.0,1.0,0.0,11.2417,c,third,child,False,c,cherbourg,yes,False
126,0.0,3.0,male,29.69911764705882,0.0,0.0,7.75,q,third,man,True,c,queenstown,no,True
127,1.0,3.0,male,24.0,0.0,0.0,7.1417,s,third,man,True,c,southampton,yes,True
128,1.0,3.0,female,29.69911764705882,1.0,1.0,22.3583,c,third,woman,False,f,cherbourg,yes,False
129,0.0,3.0,male,45.0,0.0,0.0,6.975,s,third,man,True,c,southampton,no,True
130,0.0,3.0,male,33.0,0.0,0.0,7.8958,c,third,man,True,c,cherbourg,no,True
131,0.0,3.0,male,20.0,0.0,0.0,7.05,s,third,man,True,c,southampton,no,True
132,0.0,3.0,female,47.0,1.0,0.0,14.5,s,third,woman,False,c,southampton,no,False
133,1.0,2.0,female,29.0,1.0,0.0,26.0,s,second,woman,False,c,southampton,yes,False
134,0.0,2.0,male,25.0,0.0,0.0,13.0,s,second,man,True,c,southampton,no,True
135,0.0,2.0,male,23.0,0.0,0.0,15.0458,c,second,man,True,c,cherbourg,no,True
136,1.0,1.0,female,19.0,0.0,2.0,26.2833,s,first,woman,False,d,southampton,yes,False
137,0.0,1.0,male,37.0,1.0,0.0,53.1,s,first,man,True,c,southampton,no,False
138,0.0,3.0,male,16.0,0.0,0.0,9.2167,s,third,man,True,c,southampton,no,True
139,0.0,1.0,male,24.0,0.0,0.0,79.2,c,first,man,True,b,cherbourg,no,True
140,0.0,3.0,female,29.69911764705882,0.0,2.0,15.2458,c,third,woman,False,c,cherbourg,no,False
141,1.0,3.0,female,22.0,0.0,0.0,7.75,s,third,woman,False,c,southampton,yes,True
142,1.0,3.0,female,24.0,1.0,0.0,15.85,s,third,woman,False,c,southampton,yes,False
143,0.0,3.0,male,19.0,0.0,0.0,6.75,q,third,man,True,c,queenstown,no,True
144,0.0,2.0,male,18.0,0.0,0.0,11.5,s,second,man,True,c,southampton,no,True
145,0.0,2.0,male,19.0,1.0,1.0,36.75,s,second,man,True,c,southampton,no,False
146,1.0,3.0,male,27.0,0.0,0.0,7.7958,s,third,man,True,c,southampton,yes,True
147,0.0,3.0,female,9.0,2.0,2.0,34.375,s,third,child,False,c,southampton,no,False
148,0.0,2.0,male,36.5,0.0,2.0,26.0,s,second,man,True,f,southampton,no,False
149,0.0,2.0,male,42.0,0.0,0.0,13.0,s,second,man,True,c,southampton,no,True
150,0.0,2.0,male,51.0,0.0,0.0,12.525,s,second,man,True,c,southampton,no,True
151,1.0,1.0,female,22.0,1.0,0.0,66.6,s,first,woman,False,c,southampton,yes,False
152,0.0,3.0,male,55.5,0.0,0.0,8.05,s,third,man,True,c,southampton,no,True
153,0.0,3.0,male,40.5,0.0,2.0,14.5,s,third,man,True,c,southampton,no,False
154,0.0,3.0,male,29.69911764705882,0.0,0.0,7.3125,s,third,man,True,c,southampton,no,True
155,0.0,1.0,male,51.0,0.0,1.0,61.3792,c,first,man,True,c,cherbourg,no,False
156,1.0,3.0,female,16.0,0.0,0.0,7.7333,q,third,woman,False,c,queenstown,yes,True
157,0.0,3.0,male,30.0,0.0,0.0,8.05,s,third,man,True,c,southampton,no,True
158,0.0,3.0,male,29.69911764705882,0.0,0.0,8.6625,s,third,man,True,c,southampton,no,True
160,0.0,3.0,male,44.0,0.0,1.0,16.1,s,third,man,True,c,southampton,no,False
161,1.0,2.0,female,40.0,0.0,0.0,15.75,s,second,woman,False,c,southampton,yes,True
162,0.0,3.0,male,26.0,0.0,0.0,7.775,s,third,man,True,c,southampton,no,True
163,0.0,3.0,male,17.0,0.0,0.0,8.6625,s,third,man,True,c,southampton,no,True
164,0.0,3.0,male,1.0,4.0,1.0,39.6875,s,third,child,False,c,southampton,no,False
165,1.0,3.0,male,9.0,0.0,2.0,20.525,s,third,child,False,c,southampton,yes,False
166,1.0,1.0,female,29.69911764705882,0.0,1.0,55.0,s,first,woman,False,e,southampton,yes,False
167,0.0,3.0,female,45.0,1.0,4.0,27.9,s,third,woman,False,c,southampton,no,False
168,0.0,1.0,male,29.69911764705882,0.0,0.0,25.925,s,first,man,True,c,southampton,no,True
169,0.0,3.0,male,28.0,0.0,0.0,56.4958,s,third,man,True,c,southampton,no,True
170,0.0,1.0,male,61.0,0.0,0.0,33.5,s,first,man,True,b,southampton,no,True
171,0.0,3.0,male,4.0,4.0,1.0,29.125,q,third,child,False,c,queenstown,no,False
172,1.0,3.0,female,1.0,1.0,1.0,11.1333,s,third,child,False,c,southampton,yes,False
173,0.0,3.0,male,21.0,0.0,0.0,7.925,s,third,man,True,c,southampton,no,True
174,0.0,1.0,male,56.0,0.0,0.0,30.6958,c,first,man,True,a,cherbourg,no,True
175,0.0,3.0,male,18.0,1.0,1.0,7.8542,s,third,man,True,c,southampton,no,False
176,0.0,3.0,male,29.69911764705882,3.0,1.0,25.4667,s,third,man,True,c,southampton,no,False
177,0.0,1.0,female,50.0,0.0,0.0,28.7125,c,first,woman,False,c,cherbourg,no,True
178,0.0,2.0,male,30.0,0.0,0.0,13.0,s,second,man,True,c,southampton,no,True
179,0.0,3.0,male,36.0,0.0,0.0,0.0,s,third,man,True,c,southampton,no,True
181,0.0,2.0,male,29.69911764705882,0.0,0.0,15.05,c,second,man,True,c,cherbourg,no,True
182,0.0,3.0,male,9.0,4.0,2.0,31.3875,s,third,child,False,c,southampton,no,False
183,1.0,2.0,male,1.0,2.0,1.0,39.0,s,second,child,False,f,southampton,yes,False
184,1.0,3.0,female,4.0,0.0,2.0,22.025,s,third,child,False,c,southampton,yes,False
185,0.0,1.0,male,29.69911764705882,0.0,0.0,50.0,s,first,man,True,a,southampton,no,True
186,1.0,3.0,female,29.69911764705882,1.0,0.0,15.5,q,third,woman,False,c,queenstown,yes,False
187,1.0,1.0,male,45.0,0.0,0.0,26.55,s,first,man,True,c,southampton,yes,True
188,0.0,3.0,male,40.0,1.0,1.0,15.5,q,third,man,True,c,queenstown,no,False
189,0.0,3.0,male,36.0,0.0,0.0,7.8958,s,third,man,True,c,southampton,no,True
190,1.0,2.0,female,32.0,0.0,0.0,13.0,s,second,woman,False,c,southampton,yes,True
191,0.0,2.0,male,19.0,0.0,0.0,13.0,s,second,man,True,c,southampton,no,True
192,1.0,3.0,female,19.0,1.0,0.0,7.8542,s,third,woman,False,c,southampton,yes,False
193,1.0,2.0,male,3.0,1.0,1.0,26.0,s,second,child,False,f,southampton,yes,False
194,1.0,1.0,female,44.0,0.0,0.0,27.7208,c,first,woman,False,b,cherbourg,yes,True
195,1.0,1.0,female,58.0,0.0,0.0,146.5208,c,first,woman,False,b,cherbourg,yes,True
196,0.0,3.0,male,29.69911764705882,0.0,0.0,7.75,q,third,man,True,c,queenstown,no,True
197,0.0,3.0,male,42.0,0.0,1.0,8.4042,s,third,man,True,c,southampton,no,False
198,1.0,3.0,female,29.69911764705882,0.0,0.0,7.75,q,third,woman,False,c,queenstown,yes,True
199,0.0,2.0,female,24.0,0.0,0.0,13.0,s,second,woman,False,c,southampton,no,True
200,0.0,3.0,male,28.0,0.0,0.0,9.5,s,third,man,True,c,southampton,no,True
202,0.0,3.0,male,34.0,0.0,0.0,6.4958,s,third,man,True,c,southampton,no,True
203,0.0,3.0,male,45.5,0.0,0.0,7.225,c,third,man,True,c,cherbourg,no,True
204,1.0,3.0,male,18.0,0.0,0.0,8.05,s,third,man,True,c,southampton,yes,True
205,0.0,3.0,female,2.0,0.0,1.0,10.4625,s,third,child,False,g,southampton,no,False
206,0.0,3.0,male,32.0,1.0,0.0,15.85,s,third,man,True,c,southampton,no,False
207,1.0,3.0,male,26.0,0.0,0.0,18.7875,c,third,man,True,c,cherbourg,yes,True
208,1.0,3.0,female,16.0,0.0,0.0,7.75,q,third,woman,False,c,queenstown,yes,True
209,1.0,1.0,male,40.0,0.0,0.0,31.0,c,first,man,True,a,cherbourg,yes,True
210,0.0,3.0,male,24.0,0.0,0.0,7.05,s,third,man,True,c,southampton,no,True
211,1.0,2.0,female,35.0,0.0,0.0,21.0,s,second,woman,False,c,southampton,yes,True
212,0.0,3.0,male,22.0,0.0,0.0,7.25,s,third,man,True,c,southampton,no,True
213,0.0,2.0,male,30.0,0.0,0.0,13.0,s,second,man,True,c,southampton,no,True
214,0.0,3.0,male,29.69911764705882,1.0,0.0,7.75,q,third,man,True,c,queenstown,no,False
215,1.0,1.0,female,31.0,1.0,0.0,113.275,c,first,woman,False,d,cherbourg,yes,False
216,1.0,3.0,female,27.0,0.0,0.0,7.925,s,third,woman,False,c,southampton,yes,True
217,0.0,2.0,male,42.0,1.0,0.0,27.0,s,second,man,True,c,southampton,no,False
218,1.0,1.0,female,32.0,0.0,0.0,76.2917,c,first,woman,False,d,cherbourg,yes,True
219,0.0,2.0,male,30.0,0.0,0.0,10.5,s,second,man,True,c,southampton,no,True
220,1.0,3.0,male,16.0,0.0,0.0,8.05,s,third,man,True,c,southampton,yes,True
221,0.0,2.0,male,27.0,0.0,0.0,13.0,s,second,man,True,c,southampton,no,True
222,0.0,3.0,male,51.0,0.0,0.0,8.05,s,third,man,True,c,southampton,no,True
223,0.0,3.0,male,29.69911764705882,0.0,0.0,7.8958,s,third,man,True,c,southampton,no,True
224,1.0,1.0,male,38.0,1.0,0.0,90.0,s,first,man,True,c,southampton,yes,False
225,0.0,3.0,male,22.0,0.0,0.0,9.35,s,third,man,True,c,southampton,no,True
226,1.0,2.0,male,19.0,0.0,0.0,10.5,s,second,man,True,c,southampton,yes,True
227,0.0,3.0,male,20.5,0.0,0.0,7.25,s,third,man,True,c,southampton,no,True
228,0.0,2.0,male,18.0,0.0,0.0,13.0,s,second,man,True,c,southampton,no,True
229,0.0,3.0,female,29.69911764705882,3.0,1.0,25.4667,s,third,woman,False,c,southampton,no,False
230,1.0,1.0,female,35.0,1.0,0.0,83.475,s,first,woman,False,c,southampton,yes,False
231,0.0,3.0,male,29.0,0.0,0.0,7.775,s,third,man,True,c,southampton,no,True
232,0.0,2.0,male,59.0,0.0,0.0,13.5,s,second,man,True,c,southampton,no,True
234,0.0,2.0,male,24.0,0.0,0.0,10.5,s,second,man,True,c,southampton,no,True
235,0.0,3.0,female,29.69911764705882,0.0,0.0,7.55,s,third,woman,False,c,southampton,no,True
236,0.0,2.0,male,44.0,1.0,0.0,26.0,s,second,man,True,c,southampton,no,False
237,1.0,2.0,female,8.0,0.0,2.0,26.25,s,second,child,False,c,southampton,yes,False
238,0.0,2.0,male,19.0,0.0,0.0,10.5,s,second,man,True,c,southampton,no,True
239,0.0,2.0,male,33.0,0.0,0.0,12.275,s,second,man,True,c,southampton,no,True
240,0.0,3.0,female,29.69911764705882,1.0,0.0,14.4542,c,third,woman,False,c,cherbourg,no,False
241,1.0,3.0,female,29.69911764705882,1.0,0.0,15.5,q,third,woman,False,c,queenstown,yes,False
242,0.0,2.0,male,29.0,0.0,0.0,10.5,s,second,man,True,c,southampton,no,True
243,0.0,3.0,male,22.0,0.0,0.0,7.125,s,third,man,True,c,southampton,no,True
244,0.0,3.0,male,30.0,0.0,0.0,7.225,c,third,man,True,c,cherbourg,no,True
245,0.0,1.0,male,44.0,2.0,0.0,90.0,q,first,man,True,c,queenstown,no,False
246,0.0,3.0,female,25.0,0.0,0.0,7.775,s,third,woman,False,c,southampton,no,True
247,1.0,2.0,female,24.0,0.0,2.0,14.5,s,second,woman,False,c,southampton,yes,False
248,1.0,1.0,male,37.0,1.0,1.0,52.5542,s,first,man,True,d,southampton,yes,False
249,0.0,2.0,male,54.0,1.0,0.0,26.0,s,second,man,True,c,southampton,no,False
250,0.0,3.0,male,29.69911764705882,0.0,0.0,7.25,s,third,man,True,c,southampton,no,True
251,0.0,3.0,female,29.0,1.0,1.0,10.4625,s,third,woman,False,g,southampton,no,False
252,0.0,1.0,male,62.0,0.0,0.0,26.55,s,first,man,True,c,southampton,no,True
253,0.0,3.0,male,30.0,1.0,0.0,16.1,s,third,man,True,c,southampton,no,False
254,0.0,3.0,female,41.0,0.0,2.0,20.2125,s,third,woman,False,c,southampton,no,False
255,1.0,3.0,female,29.0,0.0,2.0,15.2458,c,third,woman,False,c,cherbourg,yes,False
256,1.0,1.0,female,29.69911764705882,0.0,0.0,79.2,c,first,woman,False,c,cherbourg,yes,True
257,1.0,1.0,female,30.0,0.0,0.0,86.5,s,first,woman,False,b,southampton,yes,True
259,1.0,2.0,female,50.0,0.0,1.0,26.0,s,second,woman,False,c,southampton,yes,False
260,0.0,3.0,male,29.69911764705882,0.0,0.0,7.75,q,third,man,True,c,queenstown,no,True
262,0.0,1.0,male,52.0,1.0,1.0,79.65,s,first,man,True,e,southampton,no,False
263,0.0,1.0,male,40.0,0.0,0.0,0.0,s,first,man,True,b,southampton,no,True
264,0.0,3.0,female,29.69911764705882,0.0,0.0,7.75,q,third,woman,False,c,queenstown,no,True
265,0.0,2.0,male,36.0,0.0,0.0,10.5,s,second,man,True,c,southampton,no,True
266,0.0,3.0,male,16.0,4.0,1.0,39.6875,s,third,man,True,c,southampton,no,False
267,1.0,3.0,male,25.0,1.0,0.0,7.775,s,third,man,True,c,southampton,yes,False
269,1.0,1.0,female,35.0,0.0,0.0,135.6333,s,first,woman,False,c,southampton,yes,True
270,0.0,1.0,male,29.69911764705882,0.0,0.0,31.0,s,first,man,True,c,southampton,no,True
271,1.0,3.0,male,25.0,0.0,0.0,0.0,s,third,man,True,c,southampton,yes,True
272,1.0,2.0,female,41.0,0.0,1.0,19.5,s,second,woman,False,c,southampton,yes,False
273,0.0,1.0,male,37.0,0.0,1.0,29.7,c,first,man,True,c,cherbourg,no,False
274,1.0,3.0,female,29.69911764705882,0.0,0.0,7.75,q,third,woman,False,c,queenstown,yes,True
275,1.0,1.0,female,63.0,1.0,0.0,77.9583,s,first,woman,False,d,southampton,yes,False
276,0.0,3.0,female,45.0,0.0,0.0,7.75,s,third,woman,False,c,southampton,no,True
277,0.0,2.0,male,29.69911764705882,0.0,0.0,0.0,s,second,man,True,c,southampton,no,True
278,0.0,3.0,male,7.0,4.0,1.0,29.125,q,third,child,False,c,queenstown,no,False
279,1.0,3.0,female,35.0,1.0,1.0,20.25,s,third,woman,False,c,southampton,yes,False
280,0.0,3.0,male,65.0,0.0,0.0,7.75,q,third,man,True,c,queenstown,no,True
281,0.0,3.0,male,28.0,0.0,0.0,7.8542,s,third,man,True,c,southampton,no,True
282,0.0,3.0,male,16.0,0.0,0.0,9.5,s,third,man,True,c,southampton,no,True
283,1.0,3.0,male,19.0,0.0,0.0,8.05,s,third,man,True,c,southampton,yes,True
284,0.0,1.0,male,29.69911764705882,0.0,0.0,26.0,s,first,man,True,a,southampton,no,True
285,0.0,3.0,male,33.0,0.0,0.0,8.6625,c,third,man,True,c,cherbourg,no,True
286,1.0,3.0,male,30.0,0.0,0.0,9.5,s,third,man,True,c,southampton,yes,True
287,0.0,3.0,male,22.0,0.0,0.0,7.8958,s,third,man,True,c,southampton,no,True
288,1.0,2.0,male,42.0,0.0,0.0,13.0,s,second,man,True,c,southampton,yes,True
289,1.0,3.0,female,22.0,0.0,0.0,7.75,q,third,woman,False,c,queenstown,yes,True
290,1.0,1.0,female,26.0,0.0,0.0,78.85,s,first,woman,False,c,southampton,yes,True
291,1.0,1.0,female,19.0,1.0,0.0,91.0792,c,first,woman,False,b,cherbourg,yes,False
292,0.0,2.0,male,36.0,0.0,0.0,12.875,c,second,man,True,d,cherbourg,no,True
293,0.0,3.0,female,24.0,0.0,0.0,8.85,s,third,woman,False,c,southampton,no,True
294,0.0,3.0,male,24.0,0.0,0.0,7.8958,s,third,man,True,c,southampton,no,True
295,0.0,1.0,male,29.69911764705882,0.0,0.0,27.7208,c,first,man,True,c,cherbourg,no,True
296,0.0,3.0,male,23.5,0.0,0.0,7.2292,c,third,man,True,c,cherbourg,no,True
298,1.0,1.0,male,29.69911764705882,0.0,0.0,30.5,s,first,man,True,c,southampton,yes,True
300,1.0,3.0,female,29.69911764705882,0.0,0.0,7.75,q,third,woman,False,c,queenstown,yes,True
301,1.0,3.0,male,29.69911764705882,2.0,0.0,23.25,q,third,man,True,c,queenstown,yes,False
302,0.0,3.0,male,19.0,0.0,0.0,0.0,s,third,man,True,c,southampton,no,True
303,1.0,2.0,female,29.69911764705882,0.0,0.0,12.35,q,second,woman,False,e,queenstown,yes,True
304,0.0,3.0,male,29.69911764705882,0.0,0.0,8.05,s,third,man,True,c,southampton,no,True
306,1.0,1.0,female,29.69911764705882,0.0,0.0,110.8833,c,first,woman,False,c,cherbourg,yes,True
307,1.0,1.0,female,17.0,1.0,0.0,108.9,c,first,woman,False,c,cherbourg,yes,False
308,0.0,2.0,male,30.0,1.0,0.0,24.0,c,second,man,True,c,cherbourg,no,False
309,1.0,1.0,female,30.0,0.0,0.0,56.9292,c,first,woman,False,e,cherbourg,yes,True
310,1.0,1.0,female,24.0,0.0,0.0,83.1583,c,first,woman,False,c,cherbourg,yes,True
312,0.0,2.0,female,26.0,1.0,1.0,26.0,s,second,woman,False,c,southampton,no,False
313,0.0,3.0,male,28.0,0.0,0.0,7.8958,s,third,man,True,c,southampton,no,True
314,0.0,2.0,male,43.0,1.0,1.0,26.25,s,second,man,True,c,southampton,no,False
315,1.0,3.0,female,26.0,0.0,0.0,7.8542,s,third,woman,False,c,southampton,yes,True
316,1.0,2.0,female,24.0,1.0,0.0,26.0,s,second,woman,False,c,southampton,yes,False
317,0.0,2.0,male,54.0,0.0,0.0,14.0,s,second,man,True,c,southampton,no,True
319,1.0,1.0,female,40.0,1.0,1.0,134.5,c,first,woman,False,e,cherbourg,yes,False
320,0.0,3.0,male,22.0,0.0,0.0,7.25,s,third,man,True,c,southampton,no,True
321,0.0,3.0,male,27.0,0.0,0.0,7.8958,s,third,man,True,c,southampton,no,True
322,1.0,2.0,female,30.0,0.0,0.0,12.35,q,second,woman,False,c,queenstown,yes,True
323,1.0,2.0,female,22.0,1.0,1.0,29.0,s,second,woman,False,c,southampton,yes,False
325,1.0,1.0,female,36.0,0.0,0.0,135.6333,c,first,woman,False,c,cherbourg,yes,True
326,0.0,3.0,male,61.0,0.0,0.0,6.2375,s,third,man,True,c,southampton,no,True
327,1.0,2.0,female,36.0,0.0,0.0,13.0,s,second,woman,False,d,southampton,yes,True
328,1.0,3.0,female,31.0,1.0,1.0,20.525,s,third,woman,False,c,southampton,yes,False
329,1.0,1.0,female,16.0,0.0,1.0,57.9792,c,first,woman,False,b,cherbourg,yes,False
330,1.0,3.0,female,29.69911764705882,2.0,0.0,23.25,q,third,woman,False,c,queenstown,yes,False
331,0.0,1.0,male,45.5,0.0,0.0,28.5,s,first,man,True,c,southampton,no,True
333,0.0,3.0,male,16.0,2.0,0.0,18.0,s,third,man,True,c,southampton,no,False
334,1.0,1.0,female,29.69911764705882,1.0,0.0,133.65,s,first,woman,False,c,southampton,yes,False
335,0.0,3.0,male,29.69911764705882,0.0,0.0,7.8958,s,third,man,True,c,southampton,no,True
336,0.0,1.0,male,29.0,1.0,0.0,66.6,s,first,man,True,c,southampton,no,False
337,1.0,1.0,female,41.0,0.0,0.0,134.5,c,first,woman,False,e,cherbourg,yes,True
338,1.0,3.0,male,45.0,0.0,0.0,8.05,s,third,man,True,c,southampton,yes,True
339,0.0,1.0,male,45.0,0.0,0.0,35.5,s,first,man,True,c,southampton,no,True
340,1.0,2.0,male,2.0,1.0,1.0,26.0,s,second,child,False,f,southampton,yes,False
342,0.0,2.0,male,28.0,0.0,0.0,13.0,s,second,man,True,c,southampton,no,True
343,0.0,2.0,male,25.0,0.0,0.0,13.0,s,second,man,True,c,southampton,no,True
344,0.0,2.0,male,36.0,0.0,0.0,13.0,s,second,man,True,c,southampton,no,True
345,1.0,2.0,female,24.0,0.0,0.0,13.0,s,second,woman,False,f,southampton,yes,True
346,1.0,2.0,female,40.0,0.0,0.0,13.0,s,second,woman,False,c,southampton,yes,True
347,1.0,3.0,female,29.69911764705882,1.0,0.0,16.1,s,third,woman,False,c,southampton,yes,False
348,1.0,3.0,male,3.0,1.0,1.0,15.9,s,third,child,False,c,southampton,yes,False
349,0.0,3.0,male,42.0,0.0,0.0,8.6625,s,third,man,True,c,southampton,no,True
350,0.0,3.0,male,23.0,0.0,0.0,9.225,s,third,man,True,c,southampton,no,True
351,0.0,1.0,male,29.69911764705882,0.0,0.0,35.0,s,first,man,True,c,southampton,no,True
352,0.0,3.0,male,15.0,1.0,1.0,7.2292,c,third,child,False,c,cherbourg,no,False
353,0.0,3.0,male,25.0,1.0,0.0,17.8,s,third,man,True,c,southampton,no,False
354,0.0,3.0,male,29.69911764705882,0.0,0.0,7.225,c,third,man,True,c,cherbourg,no,True
355,0.0,3.0,male,28.0,0.0,0.0,9.5,s,third,man,True,c,southampton,no,True
356,1.0,1.0,female,22.0,0.0,1.0,55.0,s,first,woman,False,e,southampton,yes,False
357,0.0,2.0,female,38.0,0.0,0.0,13.0,s,second,woman,False,c,southampton,no,True
358,1.0,3.0,female,29.69911764705882,0.0,0.0,7.8792,q,third,woman,False,c,queenstown,yes,True
359,1.0,3.0,female,29.69911764705882,0.0,0.0,7.8792,q,third,woman,False,c,queenstown,yes,True
360,0.0,3.0,male,40.0,1.0,4.0,27.9,s,third,man,True,c,southampton,no,False
361,0.0,2.0,male,29.0,1.0,0.0,27.7208,c,second,man,True,c,cherbourg,no,False
362,0.0,3.0,female,45.0,0.0,1.0,14.4542,c,third,woman,False,c,cherbourg,no,False
363,0.0,3.0,male,35.0,0.0,0.0,7.05,s,third,man,True,c,southampton,no,True
364,0.0,3.0,male,29.69911764705882,1.0,0.0,15.5,q,third,man,True,c,queenstown,no,False
365,0.0,3.0,male,30.0,0.0,0.0,7.25,s,third,man,True,c,southampton,no,True
366,1.0,1.0,female,60.0,1.0,0.0,75.25,c,first,woman,False,d,cherbourg,yes,False
367,1.0,3.0,female,29.69911764705882,0.0,0.0,7.2292,c,third,woman,False,c,cherbourg,yes,True
368,1.0,3.0,female,29.69911764705882,0.0,0.0,7.75,q,third,woman,False,c,queenstown,yes,True
369,1.0,1.0,female,24.0,0.0,0.0,69.3,c,first,woman,False,b,cherbourg,yes,True
370,1.0,1.0,male,25.0,1.0,0.0,55.4417,c,first,man,True,e,cherbourg,yes,False
371,0.0,3.0,male,18.0,1.0,0.0,6.4958,s,third,man,True,c,southampton,no,False
372,0.0,3.0,male,19.0,0.0,0.0,8.05,s,third,man,True,c,southampton,no,True
373,0.0,1.0,male,22.0,0.0,0.0,135.6333,c,first,man,True,c,cherbourg,no,True
374,0.0,3.0,female,3.0,3.0,1.0,21.075,s,third,child,False,c,southampton,no,False
375,1.0,1.0,female,29.69911764705882,1.0,0.0,82.1708,c,first,woman,False,c,cherbourg,yes,False
376,1.0,3.0,female,22.0,0.0,0.0,7.25,s,third,woman,False,c,southampton,yes,True
378,0.0,3.0,male,20.0,0.0,0.0,4.0125,c,third,man,True,c,cherbourg,no,True
379,0.0,3.0,male,19.0,0.0,0.0,7.775,s,third,man,True,c,southampton,no,True
380,1.0,1.0,female,42.0,0.0,0.0,227.525,c,first,woman,False,c,cherbourg,yes,True
381,1.0,3.0,female,1.0,0.0,2.0,15.7417,c,third,child,False,c,cherbourg,yes,False
382,0.0,3.0,male,32.0,0.0,0.0,7.925,s,third,man,True,c,southampton,no,True
383,1.0,1.0,female,35.0,1.0,0.0,52.0,s,first,woman,False,c,southampton,yes,False
384,0.0,3.0,male,29.69911764705882,0.0,0.0,7.8958,s,third,man,True,c,southampton,no,True
385,0.0,2.0,male,18.0,0.0,0.0,73.5,s,second,man,True,c,southampton,no,True
387,1.0,2.0,female,36.0,0.0,0.0,13.0,s,second,woman,False,c,southampton,yes,True
388,0.0,3.0,male,29.69911764705882,0.0,0.0,7.7292,q,third,man,True,c,queenstown,no,True
389,1.0,2.0,female,17.0,0.0,0.0,12.0,c,second,woman,False,c,cherbourg,yes,True
390,1.0,1.0,male,36.0,1.0,2.0,120.0,s,first,man,True,b,southampton,yes,False
391,1.0,3.0,male,21.0,0.0,0.0,7.7958,s,third,man,True,c,southampton,yes,True
392,0.0,3.0,male,28.0,2.0,0.0,7.925,s,third,man,True,c,southampton,no,False
393,1.0,1.0,female,23.0,1.0,0.0,113.275,c,first,woman,False,d,cherbourg,yes,False
394,1.0,3.0,female,24.0,0.0,2.0,16.7,s,third,woman,False,g,southampton,yes,False
395,0.0,3.0,male,22.0,0.0,0.0,7.7958,s,third,man,True,c,southampton,no,True
396,0.0,3.0,female,31.0,0.0,0.0,7.8542,s,third,woman,False,c,southampton,no,True
397,0.0,2.0,male,46.0,0.0,0.0,26.0,s,second,man,True,c,southampton,no,True
398,0.0,2.0,male,23.0,0.0,0.0,10.5,s,second,man,True,c,southampton,no,True
399,1.0,2.0,female,28.0,0.0,0.0,12.65,s,second,woman,False,c,southampton,yes,True
400,1.0,3.0,male,39.0,0.0,0.0,7.925,s,third,man,True,c,southampton,yes,True
401,0.0,3.0,male,26.0,0.0,0.0,8.05,s,third,man,True,c,southampton,no,True
402,0.0,3.0,female,21.0,1.0,0.0,9.825,s,third,woman,False,c,southampton,no,False
403,0.0,3.0,male,28.0,1.0,0.0,15.85,s,third,man,True,c,southampton,no,False
404,0.0,3.0,female,20.0,0.0,0.0,8.6625,s,third,woman,False,c,southampton,no,True
405,0.0,2.0,male,34.0,1.0,0.0,21.0,s,second,man,True,c,southampton,no,False
406,0.0,3.0,male,51.0,0.0,0.0,7.75,s,third,man,True,c,southampton,no,True
407,1.0,2.0,male,3.0,1.0,1.0,18.75,s,second,child,False,c,southampton,yes,False
408,0.0,3.0,male,21.0,0.0,0.0,7.775,s,third,man,True,c,southampton,no,True
409,0.0,3.0,female,29.69911764705882,3.0,1.0,25.4667,s,third,woman,False,c,southampton,no,False
410,0.0,3.0,male,29.69911764705882,0.0,0.0,7.8958,s,third,man,True,c,southampton,no,True
411,0.0,3.0,male,29.69911764705882,0.0,0.0,6.8583,q,third,man,True,c,queenstown,no,True
412,1.0,1.0,female,33.0,1.0,0.0,90.0,q,first,woman,False,c,queenstown,yes,False
413,0.0,2.0,male,29.69911764705882,0.0,0.0,0.0,s,second,man,True,c,southampton,no,True
414,1.0,3.0,male,44.0,0.0,0.0,7.925,s,third,man,True,c,southampton,yes,True
415,0.0,3.0,female,29.69911764705882,0.0,0.0,8.05,s,third,woman,False,c,southampton,no,True
416,1.0,2.0,female,34.0,1.0,1.0,32.5,s,second,woman,False,c,southampton,yes,False
417,1.0,2.0,female,18.0,0.0,2.0,13.0,s,second,woman,False,c,southampton,yes,False
418,0.0,2.0,male,30.0,0.0,0.0,13.0,s,second,man,True,c,southampton,no,True
419,0.0,3.0,female,10.0,0.0,2.0,24.15,s,third,child,False,c,southampton,no,False
420,0.0,3.0,male,29.69911764705882,0.0,0.0,7.8958,c,third,man,True,c,cherbourg,no,True
421,0.0,3.0,male,21.0,0.0,0.0,7.7333,q,third,man,True,c,queenstown,no,True
422,0.0,3.0,male,29.0,0.0,0.0,7.875,s,third,man,True,c,southampton,no,True
423,0.0,3.0,female,28.0,1.0,1.0,14.4,s,third,woman,False,c,southampton,no,False
424,0.0,3.0,male,18.0,1.0,1.0,20.2125,s,third,man,True,c,southampton,no,False
425,0.0,3.0,male,29.69911764705882,0.0,0.0,7.25,s,third,man,True,c,southampton,no,True
426,1.0,2.0,female,28.0,1.0,0.0,26.0,s,second,woman,False,c,southampton,yes,False
427,1.0,2.0,female,19.0,0.0,0.0,26.0,s,second,woman,False,c,southampton,yes,True
428,0.0,3.0,male,29.69911764705882,0.0,0.0,7.75,q,third,man,True,c,queenstown,no,True
429,1.0,3.0,male,32.0,0.0,0.0,8.05,s,third,man,True,e,southampton,yes,True
430,1.0,1.0,male,28.0,0.0,0.0,26.55,s,first,man,True,c,southampton,yes,True
431,1.0,3.0,female,29.69911764705882,1.0,0.0,16.1,s,third,woman,False,c,southampton,yes,False
432,1.0,2.0,female,42.0,1.0,0.0,26.0,s,second,woman,False,c,southampton,yes,False
433,0.0,3.0,male,17.0,0.0,0.0,7.125,s,third,man,True,c,southampton,no,True
434,0.0,1.0,male,50.0,1.0,0.0,55.9,s,first,man,True,e,southampton,no,False
435,1.0,1.0,female,14.0,1.0,2.0,120.0,s,first,child,False,b,southampton,yes,False
436,0.0,3.0,female,21.0,2.0,2.0,34.375,s,third,woman,False,c,southampton,no,False
439,0.0,2.0,male,31.0,0.0,0.0,10.5,s,second,man,True,c,southampton,no,True
440,1.0,2.0,female,45.0,1.0,1.0,26.25,s,second,woman,False,c,southampton,yes,False
441,0.0,3.0,male,20.0,0.0,0.0,9.5,s,third,man,True,c,southampton,no,True
442,0.0,3.0,male,25.0,1.0,0.0,7.775,s,third,man,True,c,southampton,no,False
443,1.0,2.0,female,28.0,0.0,0.0,13.0,s,second,woman,False,c,southampton,yes,True
444,1.0,3.0,male,29.69911764705882,0.0,0.0,8.1125,s,third,man,True,c,southampton,yes,True
445,1.0,1.0,male,4.0,0.0,2.0,81.8583,s,first,child,False,a,southampton,yes,False
446,1.0,2.0,female,13.0,0.0,1.0,19.5,s,second,child,False,c,southampton,yes,False
447,1.0,1.0,male,34.0,0.0,0.0,26.55,s,first,man,True,c,southampton,yes,True
448,1.0,3.0,female,5.0,2.0,1.0,19.2583,c,third,child,False,c,cherbourg,yes,False
449,1.0,1.0,male,52.0,0.0,0.0,30.5,s,first,man,True,c,southampton,yes,True
450,0.0,2.0,male,36.0,1.0,2.0,27.75,s,second,man,True,c,southampton,no,False
451,0.0,3.0,male,29.69911764705882,1.0,0.0,19.9667,s,third,man,True,c,southampton,no,False
452,0.0,1.0,male,30.0,0.0,0.0,27.75,c,first,man,True,c,cherbourg,no,True
453,1.0,1.0,male,49.0,1.0,0.0,89.1042,c,first,man,True,c,cherbourg,yes,False
454,0.0,3.0,male,29.69911764705882,0.0,0.0,8.05,s,third,man,True,c,southampton,no,True
455,1.0,3.0,male,29.0,0.0,0.0,7.8958,c,third,man,True,c,cherbourg,yes,True
456,0.0,1.0,male,65.0,0.0,0.0,26.55,s,first,man,True,e,southampton,no,True
457,1.0,1.0,female,29.69911764705882,1.0,0.0,51.8625,s,first,woman,False,d,southampton,yes,False
458,1.0,2.0,female,50.0,0.0,0.0,10.5,s,second,woman,False,c,southampton,yes,True
459,0.0,3.0,male,29.69911764705882,0.0,0.0,7.75,q,third,man,True,c,queenstown,no,True
460,1.0,1.0,male,48.0,0.0,0.0,26.55,s,first,man,True,e,southampton,yes,True
461,0.0,3.0,male,34.0,0.0,0.0,8.05,s,third,man,True,c,southampton,no,True
462,0.0,1.0,male,47.0,0.0,0.0,38.5,s,first,man,True,e,southampton,no,True
463,0.0,2.0,male,48.0,0.0,0.0,13.0,s,second,man,True,c,southampton,no,True
464,0.0,3.0,male,29.69911764705882,0.0,0.0,8.05,s,third,man,True,c,southampton,no,True
465,0.0,3.0,male,38.0,0.0,0.0,7.05,s,third,man,True,c,southampton,no,True
466,0.0,2.0,male,29.69911764705882,0.0,0.0,0.0,s,second,man,True,c,southampton,no,True
467,0.0,1.0,male,56.0,0.0,0.0,26.55,s,first,man,True,c,southampton,no,True
468,0.0,3.0,male,29.69911764705882,0.0,0.0,7.725,q,third,man,True,c,queenstown,no,True
469,1.0,3.0,female,0.75,2.0,1.0,19.2583,c,third,child,False,c,cherbourg,yes,False
470,0.0,3.0,male,29.69911764705882,0.0,0.0,7.25,s,third,man,True,c,southampton,no,True
471,0.0,3.0,male,38.0,0.0,0.0,8.6625,s,third,man,True,c,southampton,no,True
472,1.0,2.0,female,33.0,1.0,2.0,27.75,s,second,woman,False,c,southampton,yes,False
473,1.0,2.0,female,23.0,0.0,0.0,13.7917,c,second,woman,False,d,cherbourg,yes,True
474,0.0,3.0,female,22.0,0.0,0.0,9.8375,s,third,woman,False,c,southampton,no,True
475,0.0,1.0,male,29.69911764705882,0.0,0.0,52.0,s,first,man,True,a,southampton,no,True
476,0.0,2.0,male,34.0,1.0,0.0,21.0,s,second,man,True,c,southampton,no,False
477,0.0,3.0,male,29.0,1.0,0.0,7.0458,s,third,man,True,c,southampton,no,False
478,0.0,3.0,male,22.0,0.0,0.0,7.5208,s,third,man,True,c,southampton,no,True
479,1.0,3.0,female,2.0,0.0,1.0,12.2875,s,third,child,False,c,southampton,yes,False
480,0.0,3.0,male,9.0,5.0,2.0,46.9,s,third,child,False,c,southampton,no,False
481,0.0,2.0,male,29.69911764705882,0.0,0.0,0.0,s,second,man,True,c,southampton,no,True
482,0.0,3.0,male,50.0,0.0,0.0,8.05,s,third,man,True,c,southampton,no,True
483,1.0,3.0,female,63.0,0.0,0.0,9.5875,s,third,woman,False,c,southampton,yes,True
484,1.0,1.0,male,25.0,1.0,0.0,91.0792,c,first,man,True,b,cherbourg,yes,False
485,0.0,3.0,female,29.69911764705882,3.0,1.0,25.4667,s,third,woman,False,c,southampton,no,False
486,1.0,1.0,female,35.0,1.0,0.0,90.0,s,first,woman,False,c,southampton,yes,False
487,0.0,1.0,male,58.0,0.0,0.0,29.7,c,first,man,True,b,cherbourg,no,True
488,0.0,3.0,male,30.0,0.0,0.0,8.05,s,third,man,True,c,southampton,no,True
489,1.0,3.0,male,9.0,1.0,1.0,15.9,s,third,child,False,c,southampton,yes,False
490,0.0,3.0,male,29.69911764705882,1.0,0.0,19.9667,s,third,man,True,c,southampton,no,False
491,0.0,3.0,male,21.0,0.0,0.0,7.25,s,third,man,True,c,southampton,no,True
492,0.0,1.0,male,55.0,0.0,0.0,30.5,s,first,man,True,c,southampton,no,True
493,0.0,1.0,male,71.0,0.0,0.0,49.5042,c,first,man,True,c,cherbourg,no,True
494,0.0,3.0,male,21.0,0.0,0.0,8.05,s,third,man,True,c,southampton,no,True
495,0.0,3.0,male,29.69911764705882,0.0,0.0,14.4583,c,third,man,True,c,cherbourg,no,True
496,1.0,1.0,female,54.0,1.0,0.0,78.2667,c,first,woman,False,d,cherbourg,yes,False
497,0.0,3.0,male,29.69911764705882,0.0,0.0,15.1,s,third,man,True,c,southampton,no,True
499,0.0,3.0,male,24.0,0.0,0.0,7.7958,s,third,man,True,c,southampton,no,True
500,0.0,3.0,male,17.0,0.0,0.0,8.6625,s,third,man,True,c,southampton,no,True
501,0.0,3.0,female,21.0,0.0,0.0,7.75,q,third,woman,False,c,queenstown,no,True
502,0.0,3.0,female,29.69911764705882,0.0,0.0,7.6292,q,third,woman,False,c,queenstown,no,True
503,0.0,3.0,female,37.0,0.0,0.0,9.5875,s,third,woman,False,c,southampton,no,True
504,1.0,1.0,female,16.0,0.0,0.0,86.5,s,first,woman,False,b,southampton,yes,True
505,0.0,1.0,male,18.0,1.0,0.0,108.9,c,first,man,True,c,cherbourg,no,False
506,1.0,2.0,female,33.0,0.0,2.0,26.0,s,second,woman,False,c,southampton,yes,False
507,1.0,1.0,male,29.69911764705882,0.0,0.0,26.55,s,first,man,True,c,southampton,yes,True
508,0.0,3.0,male,28.0,0.0,0.0,22.525,s,third,man,True,c,southampton,no,True
509,1.0,3.0,male,26.0,0.0,0.0,56.4958,s,third,man,True,c,southampton,yes,True
510,1.0,3.0,male,29.0,0.0,0.0,7.75,q,third,man,True,c,queenstown,yes,True
511,0.0,3.0,male,29.69911764705882,0.0,0.0,8.05,s,third,man,True,c,southampton,no,True
512,1.0,1.0,male,36.0,0.0,0.0,26.2875,s,first,man,True,e,southampton,yes,True
513,1.0,1.0,female,54.0,1.0,0.0,59.4,c,first,woman,False,c,cherbourg,yes,False
514,0.0,3.0,male,24.0,0.0,0.0,7.4958,s,third,man,True,c,southampton,no,True
515,0.0,1.0,male,47.0,0.0,0.0,34.0208,s,first,man,True,d,southampton,no,True
516,1.0,2.0,female,34.0,0.0,0.0,10.5,s,second,woman,False,f,southampton,yes,True
517,0.0,3.0,male,29.69911764705882,0.0,0.0,24.15,q,third,man,True,c,queenstown,no,True
518,1.0,2.0,female,36.0,1.0,0.0,26.0,s,second,woman,False,c,southampton,yes,False
519,0.0,3.0,male,32.0,0.0,0.0,7.8958,s,third,man,True,c,southampton,no,True
520,1.0,1.0,female,30.0,0.0,0.0,93.5,s,first,woman,False,b,southampton,yes,True
521,0.0,3.0,male,22.0,0.0,0.0,7.8958,s,third,man,True,c,southampton,no,True
522,0.0,3.0,male,29.69911764705882,0.0,0.0,7.225,c,third,man,True,c,cherbourg,no,True
523,1.0,1.0,female,44.0,0.0,1.0,57.9792,c,first,woman,False,b,cherbourg,yes,False
524,0.0,3.0,male,29.69911764705882,0.0,0.0,7.2292,c,third,man,True,c,cherbourg,no,True
525,0.0,3.0,male,40.5,0.0,0.0,7.75,q,third,man,True,c,queenstown,no,True
526,1.0,2.0,female,50.0,0.0,0.0,10.5,s,second,woman,False,c,southampton,yes,True
528,0.0,3.0,male,39.0,0.0,0.0,7.925,s,third,man,True,c,southampton,no,True
529,0.0,2.0,male,23.0,2.0,1.0,11.5,s,second,man,True,c,southampton,no,False
530,1.0,2.0,female,2.0,1.0,1.0,26.0,s,second,child,False,c,southampton,yes,False
531,0.0,3.0,male,29.69911764705882,0.0,0.0,7.2292,c,third,man,True,c,cherbourg,no,True
532,0.0,3.0,male,17.0,1.0,1.0,7.2292,c,third,man,True,c,cherbourg,no,False
533,1.0,3.0,female,29.69911764705882,0.0,2.0,22.3583,c,third,woman,False,c,cherbourg,yes,False
534,0.0,3.0,female,30.0,0.0,0.0,8.6625,s,third,woman,False,c,southampton,no,True
535,1.0,2.0,female,7.0,0.0,2.0,26.25,s,second,child,False,c,southampton,yes,False
536,0.0,1.0,male,45.0,0.0,0.0,26.55,s,first,man,True,b,southampton,no,True
537,1.0,1.0,female,30.0,0.0,0.0,106.425,c,first,woman,False,c,cherbourg,yes,True
538,0.0,3.0,male,29.69911764705882,0.0,0.0,14.5,s,third,man,True,c,southampton,no,True
539,1.0,1.0,female,22.0,0.0,2.0,49.5,c,first,woman,False,b,cherbourg,yes,False
540,1.0,1.0,female,36.0,0.0,2.0,71.0,s,first,woman,False,b,southampton,yes,False
541,0.0,3.0,female,9.0,4.0,2.0,31.275,s,third,child,False,c,southampton,no,False
542,0.0,3.0,female,11.0,4.0,2.0,31.275,s,third,child,False,c,southampton,no,False
543,1.0,2.0,male,32.0,1.0,0.0,26.0,s,second,man,True,c,southampton,yes,False
544,0.0,1.0,male,50.0,1.0,0.0,106.425,c,first,man,True,c,cherbourg,no,False
545,0.0,1.0,male,64.0,0.0,0.0,26.0,s,first,man,True,c,southampton,no,True
546,1.0,2.0,female,19.0,1.0,0.0,26.0,s,second,woman,False,c,southampton,yes,False
547,1.0,2.0,male,29.69911764705882,0.0,0.0,13.8625,c,second,man,True,c,cherbourg,yes,True
548,0.0,3.0,male,33.0,1.0,1.0,20.525,s,third,man,True,c,southampton,no,False
549,1.0,2.0,male,8.0,1.0,1.0,36.75,s,second,child,False,c,southampton,yes,False
550,1.0,1.0,male,17.0,0.0,2.0,110.8833,c,first,man,True,c,cherbourg,yes,False
551,0.0,2.0,male,27.0,0.0,0.0,26.0,s,second,man,True,c,southampton,no,True
552,0.0,3.0,male,29.69911764705882,0.0,0.0,7.8292,q,third,man,True,c,queenstown,no,True
553,1.0,3.0,male,22.0,0.0,0.0,7.225,c,third,man,True,c,cherbourg,yes,True
554,1.0,3.0,female,22.0,0.0,0.0,7.775,s,third,woman,False,c,southampton,yes,True
555,0.0,1.0,male,62.0,0.0,0.0,26.55,s,first,man,True,c,southampton,no,True
556,1.0,1.0,female,48.0,1.0,0.0,39.6,c,first,woman,False,a,cherbourg,yes,False
558,1.0,1.0,female,39.0,1.0,1.0,79.65,s,first,woman,False,e,southampton,yes,False
559,1.0,3.0,female,36.0,1.0,0.0,17.4,s,third,woman,False,c,southampton,yes,False
560,0.0,3.0,male,29.69911764705882,0.0,0.0,7.75,q,third,man,True,c,queenstown,no,True
561,0.0,3.0,male,40.0,0.0,0.0,7.8958,s,third,man,True,c,southampton,no,True
562,0.0,2.0,male,28.0,0.0,0.0,13.5,s,second,man,True,c,southampton,no,True
563,0.0,3.0,male,29.69911764705882,0.0,0.0,8.05,s,third,man,True,c,southampton,no,True
564,0.0,3.0,female,29.69911764705882,0.0,0.0,8.05,s,third,woman,False,c,southampton,no,True
565,0.0,3.0,male,24.0,2.0,0.0,24.15,s,third,man,True,c,southampton,no,False
566,0.0,3.0,male,19.0,0.0,0.0,7.8958,s,third,man,True,c,southampton,no,True
567,0.0,3.0,female,29.0,0.0,4.0,21.075,s,third,woman,False,c,southampton,no,False
568,0.0,3.0,male,29.69911764705882,0.0,0.0,7.2292,c,third,man,True,c,cherbourg,no,True
569,1.0,3.0,male,32.0,0.0,0.0,7.8542,s,third,man,True,c,southampton,yes,True
570,1.0,2.0,male,62.0,0.0,0.0,10.5,s,second,man,True,c,southampton,yes,True
571,1.0,1.0,female,53.0,2.0,0.0,51.4792,s,first,woman,False,c,southampton,yes,False
572,1.0,1.0,male,36.0,0.0,0.0,26.3875,s,first,man,True,e,southampton,yes,True
573,1.0,3.0,female,29.69911764705882,0.0,0.0,7.75,q,third,woman,False,c,queenstown,yes,True
574,0.0,3.0,male,16.0,0.0,0.0,8.05,s,third,man,True,c,southampton,no,True
575,0.0,3.0,male,19.0,0.0,0.0,14.5,s,third,man,True,c,southampton,no,True
576,1.0,2.0,female,34.0,0.0,0.0,13.0,s,second,woman,False,c,southampton,yes,True
577,1.0,1.0,female,39.0,1.0,0.0,55.9,s,first,woman,False,e,southampton,yes,False
578,0.0,3.0,female,29.69911764705882,1.0,0.0,14.4583,c,third,woman,False,c,cherbourg,no,False
579,1.0,3.0,male,32.0,0.0,0.0,7.925,s,third,man,True,c,southampton,yes,True
580,1.0,2.0,female,25.0,1.0,1.0,30.0,s,second,woman,False,c,southampton,yes,False
581,1.0,1.0,female,39.0,1.0,1.0,110.8833,c,first,woman,False,c,cherbourg,yes,False
582,0.0,2.0,male,54.0,0.0,0.0,26.0,s,second,man,True,c,southampton,no,True
583,0.0,1.0,male,36.0,0.0,0.0,40.125,c,first,man,True,a,cherbourg,no,True
584,0.0,3.0,male,29.69911764705882,0.0,0.0,8.7125,c,third,man,True,c,cherbourg,no,True
585,1.0,1.0,female,18.0,0.0,2.0,79.65,s,first,woman,False,e,southampton,yes,False
586,0.0,2.0,male,47.0,0.0,0.0,15.0,s,second,man,True,c,southampton,no,True
587,1.0,1.0,male,60.0,1.0,1.0,79.2,c,first,man,True,b,cherbourg,yes,False
588,0.0,3.0,male,22.0,0.0,0.0,8.05,s,third,man,True,c,southampton,no,True
589,0.0,3.0,male,29.69911764705882,0.0,0.0,8.05,s,third,man,True,c,southampton,no,True
590,0.0,3.0,male,35.0,0.0,0.0,7.125,s,third,man,True,c,southampton,no,True
591,1.0,1.0,female,52.0,1.0,0.0,78.2667,c,first,woman,False,d,cherbourg,yes,False
592,0.0,3.0,male,47.0,0.0,0.0,7.25,s,third,man,True,c,southampton,no,True
593,0.0,3.0,female,29.69911764705882,0.0,2.0,7.75,q,third,woman,False,c,queenstown,no,False
594,0.0,2.0,male,37.0,1.0,0.0,26.0,s,second,man,True,c,southampton,no,False
595,0.0,3.0,male,36.0,1.0,1.0,24.15,s,third,man,True,c,southampton,no,False
596,1.0,2.0,female,29.69911764705882,0.0,0.0,33.0,s,second,woman,False,c,southampton,yes,True
597,0.0,3.0,male,49.0,0.0,0.0,0.0,s,third,man,True,c,southampton,no,True
598,0.0,3.0,male,29.69911764705882,0.0,0.0,7.225,c,third,man,True,c,cherbourg,no,True
599,1.0,1.0,male,49.0,1.0,0.0,56.9292,c,first,man,True,a,cherbourg,yes,False
600,1.0,2.0,female,24.0,2.0,1.0,27.0,s,second,woman,False,c,southampton,yes,False
601,0.0,3.0,male,29.69911764705882,0.0,0.0,7.8958,s,third,man,True,c,southampton,no,True
602,0.0,1.0,male,29.69911764705882,0.0,0.0,42.4,s,first,man,True,c,southampton,no,True
603,0.0,3.0,male,44.0,0.0,0.0,8.05,s,third,man,True,c,southampton,no,True
604,1.0,1.0,male,35.0,0.0,0.0,26.55,c,first,man,True,c,cherbourg,yes,True
605,0.0,3.0,male,36.0,1.0,0.0,15.55,s,third,man,True,c,southampton,no,False
606,0.0,3.0,male,30.0,0.0,0.0,7.8958,s,third,man,True,c,southampton,no,True
607,1.0,1.0,male,27.0,0.0,0.0,30.5,s,first,man,True,c,southampton,yes,True
608,1.0,2.0,female,22.0,1.0,2.0,41.5792,c,second,woman,False,c,cherbourg,yes,False
609,1.0,1.0,female,40.0,0.0,0.0,153.4625,s,first,woman,False,c,southampton,yes,True
611,0.0,3.0,male,29.69911764705882,0.0,0.0,7.05,s,third,man,True,c,southampton,no,True
612,1.0,3.0,female,29.69911764705882,1.0,0.0,15.5,q,third,woman,False,c,queenstown,yes,False
613,0.0,3.0,male,29.69911764705882,0.0,0.0,7.75,q,third,man,True,c,queenstown,no,True
614,0.0,3.0,male,35.0,0.0,0.0,8.05,s,third,man,True,c,southampton,no,True
615,1.0,2.0,female,24.0,1.0,2.0,65.0,s,second,woman,False,c,southampton,yes,False
616,0.0,3.0,male,34.0,1.0,1.0,14.4,s,third,man,True,c,southampton,no,False
617,0.0,3.0,female,26.0,1.0,0.0,16.1,s,third,woman,False,c,southampton,no,False
618,1.0,2.0,female,4.0,2.0,1.0,39.0,s,second,child,False,f,southampton,yes,False
619,0.0,2.0,male,26.0,0.0,0.0,10.5,s,second,man,True,c,southampton,no,True
620,0.0,3.0,male,27.0,1.0,0.0,14.4542,c,third,man,True,c,cherbourg,no,False
621,1.0,1.0,male,42.0,1.0,0.0,52.5542,s,first,man,True,d,southampton,yes,False
622,1.0,3.0,male,20.0,1.0,1.0,15.7417,c,third,man,True,c,cherbourg,yes,False
623,0.0,3.0,male,21.0,0.0,0.0,7.8542,s,third,man,True,c,southampton,no,True
624,0.0,3.0,male,21.0,0.0,0.0,16.1,s,third,man,True,c,southampton,no,True
625,0.0,1.0,male,61.0,0.0,0.0,32.3208,s,first,man,True,d,southampton,no,True
626,0.0,2.0,male,57.0,0.0,0.0,12.35,q,second,man,True,c,queenstown,no,True
627,1.0,1.0,female,21.0,0.0,0.0,77.9583,s,first,woman,False,d,southampton,yes,True
628,0.0,3.0,male,26.0,0.0,0.0,7.8958,s,third,man,True,c,southampton,no,True
629,0.0,3.0,male,29.69911764705882,0.0,0.0,7.7333,q,third,man,True,c,queenstown,no,True
630,1.0,1.0,male,80.0,0.0,0.0,30.0,s,first,man,True,a,southampton,yes,True
631,0.0,3.0,male,51.0,0.0,0.0,7.0542,s,third,man,True,c,southampton,no,True
632,1.0,1.0,male,32.0,0.0,0.0,30.5,c,first,man,True,b,cherbourg,yes,True
633,0.0,1.0,male,29.69911764705882,0.0,0.0,0.0,s,first,man,True,c,southampton,no,True
634,0.0,3.0,female,9.0,3.0,2.0,27.9,s,third,child,False,c,southampton,no,False
635,1.0,2.0,female,28.0,0.0,0.0,13.0,s,second,woman,False,c,southampton,yes,True
636,0.0,3.0,male,32.0,0.0,0.0,7.925,s,third,man,True,c,southampton,no,True
637,0.0,2.0,male,31.0,1.0,1.0,26.25,s,second,man,True,c,southampton,no,False
639,0.0,3.0,male,29.69911764705882,1.0,0.0,16.1,s,third,man,True,c,southampton,no,False
640,0.0,3.0,male,20.0,0.0,0.0,7.8542,s,third,man,True,c,southampton,no,True
641,1.0,1.0,female,24.0,0.0,0.0,69.3,c,first,woman,False,b,cherbourg,yes,True
642,0.0,3.0,female,2.0,3.0,2.0,27.9,s,third,child,False,c,southampton,no,False
643,1.0,3.0,male,29.69911764705882,0.0,0.0,56.4958,s,third,man,True,c,southampton,yes,True
644,1.0,3.0,female,0.75,2.0,1.0,19.2583,c,third,child,False,c,cherbourg,yes,False
645,1.0,1.0,male,48.0,1.0,0.0,76.7292,c,first,man,True,d,cherbourg,yes,False
646,0.0,3.0,male,19.0,0.0,0.0,7.8958,s,third,man,True,c,southampton,no,True
647,1.0,1.0,male,56.0,0.0,0.0,35.5,c,first,man,True,a,cherbourg,yes,True
648,0.0,3.0,male,29.69911764705882,0.0,0.0,7.55,s,third,man,True,c,southampton,no,True
649,1.0,3.0,female,23.0,0.0,0.0,7.55,s,third,woman,False,c,southampton,yes,True
650,0.0,3.0,male,29.69911764705882,0.0,0.0,7.8958,s,third,man,True,c,southampton,no,True
651,1.0,2.0,female,18.0,0.0,1.0,23.0,s,second,woman,False,c,southampton,yes,False
652,0.0,3.0,male,21.0,0.0,0.0,8.4333,s,third,man,True,c,southampton,no,True
653,1.0,3.0,female,29.69911764705882,0.0,0.0,7.8292,q,third,woman,False,c,queenstown,yes,True
654,0.0,3.0,female,18.0,0.0,0.0,6.75,q,third,woman,False,c,queenstown,no,True
655,0.0,2.0,male,24.0,2.0,0.0,73.5,s,second,man,True,c,southampton,no,False
656,0.0,3.0,male,29.69911764705882,0.0,0.0,7.8958,s,third,man,True,c,southampton,no,True
657,0.0,3.0,female,32.0,1.0,1.0,15.5,q,third,woman,False,c,queenstown,no,False
658,0.0,2.0,male,23.0,0.0,0.0,13.0,s,second,man,True,c,southampton,no,True
661,0.0,3.0,male,40.0,0.0,0.0,7.225,c,third,man,True,c,cherbourg,no,True
662,0.0,1.0,male,47.0,0.0,0.0,25.5875,s,first,man,True,e,southampton,no,True
663,0.0,3.0,male,36.0,0.0,0.0,7.4958,s,third,man,True,c,southampton,no,True
664,1.0,3.0,male,20.0,1.0,0.0,7.925,s,third,man,True,c,southampton,yes,False
665,0.0,2.0,male,32.0,2.0,0.0,73.5,s,second,man,True,c,southampton,no,False
666,0.0,2.0,male,25.0,0.0,0.0,13.0,s,second,man,True,c,southampton,no,True
667,0.0,3.0,male,29.69911764705882,0.0,0.0,7.775,s,third,man,True,c,southampton,no,True
668,0.0,3.0,male,43.0,0.0,0.0,8.05,s,third,man,True,c,southampton,no,True
669,1.0,1.0,female,29.69911764705882,1.0,0.0,52.0,s,first,woman,False,c,southampton,yes,False
670,1.0,2.0,female,40.0,1.0,1.0,39.0,s,second,woman,False,c,southampton,yes,False
671,0.0,1.0,male,31.0,1.0,0.0,52.0,s,first,man,True,b,southampton,no,False
672,0.0,2.0,male,70.0,0.0,0.0,10.5,s,second,man,True,c,southampton,no,True
673,1.0,2.0,male,31.0,0.0,0.0,13.0,s,second,man,True,c,southampton,yes,True
674,0.0,2.0,male,29.69911764705882,0.0,0.0,0.0,s,second,man,True,c,southampton,no,True
675,0.0,3.0,male,18.0,0.0,0.0,7.775,s,third,man,True,c,southampton,no,True
676,0.0,3.0,male,24.5,0.0,0.0,8.05,s,third,man,True,c,southampton,no,True
677,1.0,3.0,female,18.0,0.0,0.0,9.8417,s,third,woman,False,c,southampton,yes,True
680,0.0,3.0,female,29.69911764705882,0.0,0.0,8.1375,q,third,woman,False,c,queenstown,no,True
681,1.0,1.0,male,27.0,0.0,0.0,76.7292,c,first,man,True,d,cherbourg,yes,True
682,0.0,3.0,male,20.0,0.0,0.0,9.225,s,third,man,True,c,southampton,no,True
683,0.0,3.0,male,14.0,5.0,2.0,46.9,s,third,child,False,c,southampton,no,False
684,0.0,2.0,male,60.0,1.0,1.0,39.0,s,second,man,True,c,southampton,no,False
685,0.0,2.0,male,25.0,1.0,2.0,41.5792,c,second,man,True,c,cherbourg,no,False
686,0.0,3.0,male,14.0,4.0,1.0,39.6875,s,third,child,False,c,southampton,no,False
687,0.0,3.0,male,19.0,0.0,0.0,10.1708,s,third,man,True,c,southampton,no,True
688,0.0,3.0,male,18.0,0.0,0.0,7.7958,s,third,man,True,c,southampton,no,True
689,1.0,1.0,female,15.0,0.0,1.0,211.3375,s,first,child,False,b,southampton,yes,False
690,1.0,1.0,male,31.0,1.0,0.0,57.0,s,first,man,True,b,southampton,yes,False
691,1.0,3.0,female,4.0,0.0,1.0,13.4167,c,third,child,False,c,cherbourg,yes,False
692,1.0,3.0,male,29.69911764705882,0.0,0.0,56.4958,s,third,man,True,c,southampton,yes,True
693,0.0,3.0,male,25.0,0.0,0.0,7.225,c,third,man,True,c,cherbourg,no,True
694,0.0,1.0,male,60.0,0.0,0.0,26.55,s,first,man,True,c,southampton,no,True
695,0.0,2.0,male,52.0,0.0,0.0,13.5,s,second,man,True,c,southampton,no,True
696,0.0,3.0,male,44.0,0.0,0.0,8.05,s,third,man,True,c,southampton,no,True
697,1.0,3.0,female,29.69911764705882,0.0,0.0,7.7333,q,third,woman,False,c,queenstown,yes,True
698,0.0,1.0,male,49.0,1.0,1.0,110.8833,c,first,man,True,c,cherbourg,no,False
699,0.0,3.0,male,42.0,0.0,0.0,7.65,s,third,man,True,f,southampton,no,True
701,1.0,1.0,male,35.0,0.0,0.0,26.2875,s,first,man,True,e,southampton,yes,True
702,0.0,3.0,female,18.0,0.0,1.0,14.4542,c,third,woman,False,c,cherbourg,no,False
703,0.0,3.0,male,25.0,0.0,0.0,7.7417,q,third,man,True,c,queenstown,no,True
704,0.0,3.0,male,26.0,1.0,0.0,7.8542,s,third,man,True,c,southampton,no,False
705,0.0,2.0,male,39.0,0.0,0.0,26.0,s,second,man,True,c,southampton,no,True
706,1.0,2.0,female,45.0,0.0,0.0,13.5,s,second,woman,False,c,southampton,yes,True
707,1.0,1.0,male,42.0,0.0,0.0,26.2875,s,first,man,True,e,southampton,yes,True
708,1.0,1.0,female,22.0,0.0,0.0,151.55,s,first,woman,False,c,southampton,yes,True
709,1.0,3.0,male,29.69911764705882,1.0,1.0,15.2458,c,third,man,True,c,cherbourg,yes,False
710,1.0,1.0,female,24.0,0.0,0.0,49.5042,c,first,woman,False,c,cherbourg,yes,True
711,0.0,1.0,male,29.69911764705882,0.0,0.0,26.55,s,first,man,True,c,southampton,no,True
712,1.0,1.0,male,48.0,1.0,0.0,52.0,s,first,man,True,c,southampton,yes,False
713,0.0,3.0,male,29.0,0.0,0.0,9.4833,s,third,man,True,c,southampton,no,True
714,0.0,2.0,male,52.0,0.0,0.0,13.0,s,second,man,True,c,southampton,no,True
715,0.0,3.0,male,19.0,0.0,0.0,7.65,s,third,man,True,f,southampton,no,True
716,1.0,1.0,female,38.0,0.0,0.0,227.525,c,first,woman,False,c,cherbourg,yes,True
717,1.0,2.0,female,27.0,0.0,0.0,10.5,s,second,woman,False,e,southampton,yes,True
718,0.0,3.0,male,29.69911764705882,0.0,0.0,15.5,q,third,man,True,c,queenstown,no,True
719,0.0,3.0,male,33.0,0.0,0.0,7.775,s,third,man,True,c,southampton,no,True
720,1.0,2.0,female,6.0,0.0,1.0,33.0,s,second,child,False,c,southampton,yes,False
721,0.0,3.0,male,17.0,1.0,0.0,7.0542,s,third,man,True,c,southampton,no,False
722,0.0,2.0,male,34.0,0.0,0.0,13.0,s,second,man,True,c,southampton,no,True
723,0.0,2.0,male,50.0,0.0,0.0,13.0,s,second,man,True,c,southampton,no,True
724,1.0,1.0,male,27.0,1.0,0.0,53.1,s,first,man,True,e,southampton,yes,False
725,0.0,3.0,male,20.0,0.0,0.0,8.6625,s,third,man,True,c,southampton,no,True
726,1.0,2.0,female,30.0,3.0,0.0,21.0,s,second,woman,False,c,southampton,yes,False
727,1.0,3.0,female,29.69911764705882,0.0,0.0,7.7375,q,third,woman,False,c,queenstown,yes,True
728,0.0,2.0,male,25.0,1.0,0.0,26.0,s,second,man,True,c,southampton,no,False
729,0.0,3.0,female,25.0,1.0,0.0,7.925,s,third,woman,False,c,southampton,no,False
730,1.0,1.0,female,29.0,0.0,0.0,211.3375,s,first,woman,False,b,southampton,yes,True
731,0.0,3.0,male,11.0,0.0,0.0,18.7875,c,third,child,False,c,cherbourg,no,True
732,0.0,2.0,male,29.69911764705882,0.0,0.0,0.0,s,second,man,True,c,southampton,no,True
733,0.0,2.0,male,23.0,0.0,0.0,13.0,s,second,man,True,c,southampton,no,True
734,0.0,2.0,male,23.0,0.0,0.0,13.0,s,second,man,True,c,southampton,no,True
735,0.0,3.0,male,28.5,0.0,0.0,16.1,s,third,man,True,c,southampton,no,True
736,0.0,3.0,female,48.0,1.0,3.0,34.375,s,third,woman,False,c,southampton,no,False
738,0.0,3.0,male,29.69911764705882,0.0,0.0,7.8958,s,third,man,True,c,southampton,no,True
739,0.0,3.0,male,29.69911764705882,0.0,0.0,7.8958,s,third,man,True,c,southampton,no,True
740,1.0,1.0,male,29.69911764705882,0.0,0.0,30.0,s,first,man,True,d,southampton,yes,True
741,0.0,1.0,male,36.0,1.0,0.0,78.85,s,first,man,True,c,southampton,no,False
743,0.0,3.0,male,24.0,1.0,0.0,16.1,s,third,man,True,c,southampton,no,False
744,1.0,3.0,male,31.0,0.0,0.0,7.925,s,third,man,True,c,southampton,yes,True
746,0.0,3.0,male,16.0,1.0,1.0,20.25,s,third,man,True,c,southampton,no,False
747,1.0,2.0,female,30.0,0.0,0.0,13.0,s,second,woman,False,c,southampton,yes,True
748,0.0,1.0,male,19.0,1.0,0.0,53.1,s,first,man,True,d,southampton,no,False
749,0.0,3.0,male,31.0,0.0,0.0,7.75,q,third,man,True,c,queenstown,no,True
750,1.0,2.0,female,4.0,1.0,1.0,23.0,s,second,child,False,c,southampton,yes,False
751,1.0,3.0,male,6.0,0.0,1.0,12.475,s,third,child,False,e,southampton,yes,False
752,0.0,3.0,male,33.0,0.0,0.0,9.5,s,third,man,True,c,southampton,no,True
753,0.0,3.0,male,23.0,0.0,0.0,7.8958,s,third,man,True,c,southampton,no,True
754,1.0,2.0,female,48.0,1.0,2.0,65.0,s,second,woman,False,c,southampton,yes,False
755,1.0,2.0,male,0.67,1.0,1.0,14.5,s,second,child,False,c,southampton,yes,False
756,0.0,3.0,male,28.0,0.0,0.0,7.7958,s,third,man,True,c,southampton,no,True
757,0.0,2.0,male,18.0,0.0,0.0,11.5,s,second,man,True,c,southampton,no,True
758,0.0,3.0,male,34.0,0.0,0.0,8.05,s,third,man,True,c,southampton,no,True
759,1.0,1.0,female,33.0,0.0,0.0,86.5,s,first,woman,False,b,southampton,yes,True
760,0.0,3.0,male,29.69911764705882,0.0,0.0,14.5,s,third,man,True,c,southampton,no,True
761,0.0,3.0,male,41.0,0.0,0.0,7.125,s,third,man,True,c,southampton,no,True
762,1.0,3.0,male,20.0,0.0,0.0,7.2292,c,third,man,True,c,cherbourg,yes,True
763,1.0,1.0,female,36.0,1.0,2.0,120.0,s,first,woman,False,b,southampton,yes,False
764,0.0,3.0,male,16.0,0.0,0.0,7.775,s,third,man,True,c,southampton,no,True
765,1.0,1.0,female,51.0,1.0,0.0,77.9583,s,first,woman,False,d,southampton,yes,False
766,0.0,1.0,male,29.69911764705882,0.0,0.0,39.6,c,first,man,True,c,cherbourg,no,True
767,0.0,3.0,female,30.5,0.0,0.0,7.75,q,third,woman,False,c,queenstown,no,True
768,0.0,3.0,male,29.69911764705882,1.0,0.0,24.15,q,third,man,True,c,queenstown,no,False
769,0.0,3.0,male,32.0,0.0,0.0,8.3625,s,third,man,True,c,southampton,no,True
770,0.0,3.0,male,24.0,0.0,0.0,9.5,s,third,man,True,c,southampton,no,True
771,0.0,3.0,male,48.0,0.0,0.0,7.8542,s,third,man,True,c,southampton,no,True
772,0.0,2.0,female,57.0,0.0,0.0,10.5,s,second,woman,False,e,southampton,no,True
773,0.0,3.0,male,29.69911764705882,0.0,0.0,7.225,c,third,man,True,c,cherbourg,no,True
775,0.0,3.0,male,18.0,0.0,0.0,7.75,s,third,man,True,c,southampton,no,True
776,0.0,3.0,male,29.69911764705882,0.0,0.0,7.75,q,third,man,True,f,queenstown,no,True
777,1.0,3.0,female,5.0,0.0,0.0,12.475,s,third,child,False,c,southampton,yes,True
778,0.0,3.0,male,29.69911764705882,0.0,0.0,7.7375,q,third,man,True,c,queenstown,no,True
780,1.0,3.0,female,13.0,0.0,0.0,7.2292,c,third,child,False,c,cherbourg,yes,True
781,1.0,1.0,female,17.0,1.0,0.0,57.0,s,first,woman,False,b,southampton,yes,False
782,0.0,1.0,male,29.0,0.0,0.0,30.0,s,first,man,True,d,southampton,no,True
783,0.0,3.0,male,29.69911764705882,1.0,2.0,23.45,s,third,man,True,c,southampton,no,False
784,0.0,3.0,male,25.0,0.0,0.0,7.05,s,third,man,True,c,southampton,no,True
785,0.0,3.0,male,25.0,0.0,0.0,7.25,s,third,man,True,c,southampton,no,True
786,1.0,3.0,female,18.0,0.0,0.0,7.4958,s,third,woman,False,c,southampton,yes,True
787,0.0,3.0,male,8.0,4.0,1.0,29.125,q,third,child,False,c,queenstown,no,False
788,1.0,3.0,male,1.0,1.0,2.0,20.575,s,third,child,False,c,southampton,yes,False
789,0.0,1.0,male,46.0,0.0,0.0,79.2,c,first,man,True,b,cherbourg,no,True
790,0.0,3.0,male,29.69911764705882,0.0,0.0,7.75,q,third,man,True,c,queenstown,no,True
791,0.0,2.0,male,16.0,0.0,0.0,26.0,s,second,man,True,c,southampton,no,True
793,0.0,1.0,male,29.69911764705882,0.0,0.0,30.6958,c,first,man,True,c,cherbourg,no,True
794,0.0,3.0,male,25.0,0.0,0.0,7.8958,s,third,man,True,c,southampton,no,True
795,0.0,2.0,male,39.0,0.0,0.0,13.0,s,second,man,True,c,southampton,no,True
796,1.0,1.0,female,49.0,0.0,0.0,25.9292,s,first,woman,False,d,southampton,yes,True
797,1.0,3.0,female,31.0,0.0,0.0,8.6833,s,third,woman,False,c,southampton,yes,True
798,0.0,3.0,male,30.0,0.0,0.0,7.2292,c,third,man,True,c,cherbourg,no,True
799,0.0,3.0,female,30.0,1.0,1.0,24.15,s,third,woman,False,c,southampton,no,False
800,0.0,2.0,male,34.0,0.0,0.0,13.0,s,second,man,True,c,southampton,no,True
801,1.0,2.0,female,31.0,1.0,1.0,26.25,s,second,woman,False,c,southampton,yes,False
802,1.0,1.0,male,11.0,1.0,2.0,120.0,s,first,child,False,b,southampton,yes,False
803,1.0,3.0,male,0.42,0.0,1.0,8.5167,c,third,child,False,c,cherbourg,yes,False
804,1.0,3.0,male,27.0,0.0,0.0,6.975,s,third,man,True,c,southampton,yes,True
805,0.0,3.0,male,31.0,0.0,0.0,7.775,s,third,man,True,c,southampton,no,True
806,0.0,1.0,male,39.0,0.0,0.0,0.0,s,first,man,True,a,southampton,no,True
807,0.0,3.0,female,18.0,0.0,0.0,7.775,s,third,woman,False,c,southampton,no,True
808,0.0,2.0,male,39.0,0.0,0.0,13.0,s,second,man,True,c,southampton,no,True
809,1.0,1.0,female,33.0,1.0,0.0,53.1,s,first,woman,False,e,southampton,yes,False
810,0.0,3.0,male,26.0,0.0,0.0,7.8875,s,third,man,True,c,southampton,no,True
811,0.0,3.0,male,39.0,0.0,0.0,24.15,s,third,man,True,c,southampton,no,True
812,0.0,2.0,male,35.0,0.0,0.0,10.5,s,second,man,True,c,southampton,no,True
813,0.0,3.0,female,6.0,4.0,2.0,31.275,s,third,child,False,c,southampton,no,False
814,0.0,3.0,male,30.5,0.0,0.0,8.05,s,third,man,True,c,southampton,no,True
815,0.0,1.0,male,29.69911764705882,0.0,0.0,0.0,s,first,man,True,b,southampton,no,True
816,0.0,3.0,female,23.0,0.0,0.0,7.925,s,third,woman,False,c,southampton,no,True
817,0.0,2.0,male,31.0,1.0,1.0,37.0042,c,second,man,True,c,cherbourg,no,False
818,0.0,3.0,male,43.0,0.0,0.0,6.45,s,third,man,True,c,southampton,no,True
819,0.0,3.0,male,10.0,3.0,2.0,27.9,s,third,child,False,c,southampton,no,False
820,1.0,1.0,female,52.0,1.0,1.0,93.5,s,first,woman,False,b,southampton,yes,False
821,1.0,3.0,male,27.0,0.0,0.0,8.6625,s,third,man,True,c,southampton,yes,True
822,0.0,1.0,male,38.0,0.0,0.0,0.0,s,first,man,True,c,southampton,no,True
823,1.0,3.0,female,27.0,0.0,1.0,12.475,s,third,woman,False,e,southampton,yes,False
824,0.0,3.0,male,2.0,4.0,1.0,39.6875,s,third,child,False,c,southampton,no,False
825,0.0,3.0,male,29.69911764705882,0.0,0.0,6.95,q,third,man,True,c,queenstown,no,True
826,0.0,3.0,male,29.69911764705882,0.0,0.0,56.4958,s,third,man,True,c,southampton,no,True
827,1.0,2.0,male,1.0,0.0,2.0,37.0042,c,second,child,False,c,cherbourg,yes,False
828,1.0,3.0,male,29.69911764705882,0.0,0.0,7.75,q,third,man,True,c,queenstown,yes,True
829,1.0,1.0,female,62.0,0.0,0.0,80.0,s,first,woman,False,b,southampton,yes,True
830,1.0,3.0,female,15.0,1.0,0.0,14.4542,c,third,child,False,c,cherbourg,yes,False
831,1.0,2.0,male,0.83,1.0,1.0,18.75,s,second,child,False,c,southampton,yes,False
832,0.0,3.0,male,29.69911764705882,0.0,0.0,7.2292,c,third,man,True,c,cherbourg,no,True
833,0.0,3.0,male,23.0,0.0,0.0,7.8542,s,third,man,True,c,southampton,no,True
834,0.0,3.0,male,18.0,0.0,0.0,8.3,s,third,man,True,c,southampton,no,True
835,1.0,1.0,female,39.0,1.0,1.0,83.1583,c,first,woman,False,e,cherbourg,yes,False
836,0.0,3.0,male,21.0,0.0,0.0,8.6625,s,third,man,True,c,southampton,no,True
837,0.0,3.0,male,29.69911764705882,0.0,0.0,8.05,s,third,man,True,c,southampton,no,True
838,1.0,3.0,male,32.0,0.0,0.0,56.4958,s,third,man,True,c,southampton,yes,True
839,1.0,1.0,male,29.69911764705882,0.0,0.0,29.7,c,first,man,True,c,cherbourg,yes,True
840,0.0,3.0,male,20.0,0.0,0.0,7.925,s,third,man,True,c,southampton,no,True
841,0.0,2.0,male,16.0,0.0,0.0,10.5,s,second,man,True,c,southampton,no,True
842,1.0,1.0,female,30.0,0.0,0.0,31.0,c,first,woman,False,c,cherbourg,yes,True
843,0.0,3.0,male,34.5,0.0,0.0,6.4375,c,third,man,True,c,cherbourg,no,True
844,0.0,3.0,male,17.0,0.0,0.0,8.6625,s,third,man,True,c,southampton,no,True
845,0.0,3.0,male,42.0,0.0,0.0,7.55,s,third,man,True,c,southampton,no,True
847,0.0,3.0,male,35.0,0.0,0.0,7.8958,c,third,man,True,c,cherbourg,no,True
848,0.0,2.0,male,28.0,0.0,1.0,33.0,s,second,man,True,c,southampton,no,False
849,1.0,1.0,female,29.69911764705882,1.0,0.0,89.1042,c,first,woman,False,c,cherbourg,yes,False
850,0.0,3.0,male,4.0,4.0,2.0,31.275,s,third,child,False,c,southampton,no,False
851,0.0,3.0,male,74.0,0.0,0.0,7.775,s,third,man,True,c,southampton,no,True
852,0.0,3.0,female,9.0,1.0,1.0,15.2458,c,third,child,False,c,cherbourg,no,False
853,1.0,1.0,female,16.0,0.0,1.0,39.4,s,first,woman,False,d,southampton,yes,False
854,0.0,2.0,female,44.0,1.0,0.0,26.0,s,second,woman,False,c,southampton,no,False
855,1.0,3.0,female,18.0,0.0,1.0,9.35,s,third,woman,False,c,southampton,yes,False
856,1.0,1.0,female,45.0,1.0,1.0,164.8667,s,first,woman,False,c,southampton,yes,False
857,1.0,1.0,male,51.0,0.0,0.0,26.55,s,first,man,True,e,southampton,yes,True
858,1.0,3.0,female,24.0,0.0,3.0,19.2583,c,third,woman,False,c,cherbourg,yes,False
859,0.0,3.0,male,29.69911764705882,0.0,0.0,7.2292,c,third,man,True,c,cherbourg,no,True
860,0.0,3.0,male,41.0,2.0,0.0,14.1083,s,third,man,True,c,southampton,no,False
861,0.0,2.0,male,21.0,1.0,0.0,11.5,s,second,man,True,c,southampton,no,False
862,1.0,1.0,female,48.0,0.0,0.0,25.9292,s,first,woman,False,d,southampton,yes,True
864,0.0,2.0,male,24.0,0.0,0.0,13.0,s,second,man,True,c,southampton,no,True
865,1.0,2.0,female,42.0,0.0,0.0,13.0,s,second,woman,False,c,southampton,yes,True
866,1.0,2.0,female,27.0,1.0,0.0,13.8583,c,second,woman,False,c,cherbourg,yes,False
867,0.0,1.0,male,31.0,0.0,0.0,50.4958,s,first,man,True,a,southampton,no,True
868,0.0,3.0,male,29.69911764705882,0.0,0.0,9.5,s,third,man,True,c,southampton,no,True
869,1.0,3.0,male,4.0,1.0,1.0,11.1333,s,third,child,False,c,southampton,yes,False
870,0.0,3.0,male,26.0,0.0,0.0,7.8958,s,third,man,True,c,southampton,no,True
871,1.0,1.0,female,47.0,1.0,1.0,52.5542,s,first,woman,False,d,southampton,yes,False
872,0.0,1.0,male,33.0,0.0,0.0,5.0,s,first,man,True,b,southampton,no,True
873,0.0,3.0,male,47.0,0.0,0.0,9.0,s,third,man,True,c,southampton,no,True
874,1.0,2.0,female,28.0,1.0,0.0,24.0,c,second,woman,False,c,cherbourg,yes,False
875,1.0,3.0,female,15.0,0.0,0.0,7.225,c,third,child,False,c,cherbourg,yes,True
876,0.0,3.0,male,20.0,0.0,0.0,9.8458,s,third,man,True,c,southampton,no,True
877,0.0,3.0,male,19.0,0.0,0.0,7.8958,s,third,man,True,c,southampton,no,True
878,0.0,3.0,male,29.69911764705882,0.0,0.0,7.8958,s,third,man,True,c,southampton,no,True
879,1.0,1.0,female,56.0,0.0,1.0,83.1583,c,first,woman,False,c,cherbourg,yes,False
880,1.0,2.0,female,25.0,0.0,1.0,26.0,s,second,woman,False,c,southampton,yes,False
881,0.0,3.0,male,33.0,0.0,0.0,7.8958,s,third,man,True,c,southampton,no,True
882,0.0,3.0,female,22.0,0.0,0.0,10.5167,s,third,woman,False,c,southampton,no,True
883,0.0,2.0,male,28.0,0.0,0.0,10.5,s,second,man,True,c,southampton,no,True
884,0.0,3.0,male,25.0,0.0,0.0,7.05,s,third,man,True,c,southampton,no,True
886,0.0,2.0,male,27.0,0.0,0.0,13.0,s,second,man,True,c,southampton,no,True
887,1.0,1.0,female,19.0,0.0,0.0,30.0,s,first,woman,False,b,southampton,yes,True
888,0.0,3.0,female,29.69911764705882,1.0,2.0,23.45,s,third,woman,False,c,southampton,no,False
889,1.0,1.0,male,26.0,0.0,0.0,30.0,c,first,man,True,c,cherbourg,yes,True
890,0.0,3.0,male,32.0,0.0,0.0,7.75,q,third,man,True,c,queenstown,no,True
